win,firstBlood,firstTower,KillDiff,AssistDiff,DamageDiff,TrueDamageDiff,HealDiff,CCTimeDiff,MinionDiff,CounterJungleDiff,DragonDiff,BaronDiff
0,1,1,-7,-18,-14694,-1187,-2380,184,-15,-15,-1,-1
0,0,0,-13,-18,-26489,-531,-10886,-23,-52,-25,1,-1
1,1,1,1,-7,31966,-4386,-22028,5,13,39,2,2
1,0,1,0,-6,-942,-2877,8710,80,-1,47,5,2
1,1,1,12,17,28454,2814,12835,15,-26,40,2,2
0,0,0,-14,-6,-15284,807,38235,-85,134,-28,-3,-2
0,0,1,-21,-39,-36384,-2397,-527,-1,-56,-16,-1,-1
0,1,1,-6,1,-3547,-2624,-27212,3,-128,4,-3,-1
0,0,1,-1,29,-23387,2202,6997,36,-20,-40,-1,-1
0,0,0,-7,-7,-21282,-1393,-128,16,3,-30,-1,-1
0,0,0,-14,-45,-18154,2678,3317,1,114,-7,-4,-1
1,0,1,6,2,16994,-9645,-11445,13,27,25,5,1
0,0,1,-9,-8,-9942,-9306,-8391,-53,72,-9,-2,-1
0,1,0,-9,-27,-15289,-3395,-23907,-15,4,14,-2,-1
0,1,0,-20,-42,-17946,-2669,10691,-41,-15,-14,-3,-1
0,1,0,-18,-22,-28938,3391,-7856,-36,-110,-27,-2,-1
0,0,1,4,18,-10559,5271,7860,26,-110,-26,1,2
0,0,1,-13,-23,-2249,-285,-25279,3,-55,-12,1,-1
0,0,0,-23,-35,-18850,-767,-7644,-17,57,-11,-1,-1
1,0,1,13,41,19241,2632,13453,32,-123,24,1,1
1,1,1,10,8,7532,550,-973,18,142,5,0,0
0,0,0,-19,-22,-29064,-1132,-6464,-55,-101,-19,-1,0
1,0,1,11,58,32259,-90,16127,17,-124,0,1,1
1,1,1,15,24,22557,3481,-6666,29,84,-16,3,1
0,1,0,-10,-4,-17693,4070,3077,35,-2,-41,-3,-1
1,1,1,16,26,29344,1172,-7354,28,20,18,3,1
0,0,0,-24,-24,-23897,-931,-5216,-4,14,-30,-1,-1
0,0,0,-9,9,-31949,-2833,-13190,-6,-41,-40,1,1
1,1,1,7,16,5567,736,17497,-72,89,12,-2,1
0,1,1,-16,-44,-4320,6086,-16884,29,23,11,-1,-1
1,1,1,10,10,9310,1283,-503,6,28,8,0,0
1,0,1,6,16,21059,-1274,-4863,13,24,25,3,1
0,0,1,-14,-23,-18264,-2365,-33183,31,-50,-9,1,-1
1,0,0,10,35,12373,-3773,4939,51,-78,-11,-1,1
1,0,1,17,34,11273,-2135,25672,-1,-11,31,2,1
0,1,1,-5,-17,-9980,266,16336,-15,-14,20,3,-2
1,0,0,7,15,-24143,2278,35137,-15,-83,-11,1,1
0,1,0,-14,-40,-24344,-455,-12564,-36,33,-5,-3,-1
0,1,1,7,-7,-5734,-1538,7986,-87,21,26,2,-1
1,1,1,11,39,13300,3138,18375,61,-36,7,0,1
0,0,0,-13,14,42646,-9831,-6544,18,54,-40,-6,-2
1,1,1,20,33,5963,12500,17318,7,43,34,0,-1
0,0,1,-8,-35,-10596,-2157,-17650,21,-63,-16,2,-1
1,1,0,9,1,5713,10874,-9278,9,-13,-5,1,1
0,1,0,-13,-27,-12362,-7434,-4113,-31,153,-20,-1,-1
0,1,1,-9,-14,16696,2300,-16058,-12,33,-4,4,-1
1,1,1,28,33,25772,566,8558,21,122,12,3,1
0,1,0,-11,-9,-7122,-108,-2859,-16,-88,-27,-2,0
1,1,1,3,10,7256,-1877,11138,-45,88,0,-1,-1
0,1,0,-14,-14,-18193,-5301,-12302,-14,-105,-10,-3,-1
1,0,1,26,24,22247,1008,8973,83,105,25,2,0
1,1,1,7,19,8356,-86,1024,-11,-66,3,4,1
0,0,0,-11,-15,-13418,85,-4644,-24,-52,-30,-2,0
1,0,1,13,19,9672,-109,2451,14,78,-2,2,0
1,1,1,13,19,-2295,4105,15039,48,49,32,1,1
1,1,1,9,20,3460,448,7347,2,-38,3,0,0
0,0,0,-10,-31,-12689,139,3843,-46,2,4,-1,0
0,0,0,-16,-21,-14896,-563,-5732,-6,-85,-12,-1,0
0,0,0,-22,-38,-32267,-1971,-13150,-29,-20,-16,-3,-1
0,1,0,-6,-16,-14477,1222,8097,-11,-57,-9,-1,-1
1,1,0,4,22,28,-1296,-11455,62,-31,15,-3,1
0,0,1,-6,-27,-27188,-3638,9586,-19,-36,-11,-2,0
0,1,1,-11,-12,-19996,1682,5053,7,2,-24,-1,-1
0,1,0,-16,-46,-20687,3480,19607,14,-49,-17,1,-2
0,0,0,-11,-17,-15861,1394,377,-4,-119,-16,-1,-1
0,0,0,-19,-16,-12382,-2229,-10803,-32,-57,-19,-1,0
0,1,0,-2,-4,613,-1085,-4884,46,-11,-24,-4,0
1,0,1,9,8,-33,11237,-5016,-21,-51,16,0,2
0,0,0,-19,-19,-10070,3270,-18163,-16,-84,-54,-3,-1
0,1,1,-4,-16,-7840,-7129,5891,-48,-148,36,2,0
0,1,0,-12,-17,-6048,1976,-28282,-19,62,-27,-2,-1
1,1,1,10,7,7951,-658,2880,-3,61,14,2,0
1,1,1,17,20,26386,9572,2008,25,28,26,3,1
1,0,1,10,13,23642,1428,8484,3,90,16,2,0
0,0,0,-7,-10,-25776,-113,-13437,30,291,-44,-3,0
1,0,1,15,30,19876,1154,2818,21,51,8,2,1
0,1,1,5,35,-2286,3236,-3304,-27,24,-10,-4,-2
1,1,0,13,13,-7992,-3617,14197,-4,113,15,-1,1
1,1,0,-1,4,-2381,-865,-3352,-39,-54,3,1,1
1,0,1,19,37,-9370,1301,19022,-5,-9,35,4,1
0,1,0,-7,-5,2210,1111,6180,-37,61,0,-2,-1
0,1,0,0,-45,-31070,-8629,-5613,-26,17,-10,-2,0
1,1,1,13,21,15634,3674,-2494,-58,-54,64,-1,1
0,0,0,-12,-25,-16200,80,-8826,-8,-27,-32,-2,-1
0,1,0,-6,-8,-9726,943,-10099,38,-42,-34,-2,0
0,1,0,-11,-5,-7270,1825,-4799,8,-45,-37,0,-1
0,1,1,-1,1,9090,956,-22881,-30,-37,-18,-2,-1
1,1,1,14,37,25442,-3003,-7783,91,-65,4,-1,2
0,0,0,-21,-20,-27953,-7332,-8525,-6,-68,-46,-3,-1
1,1,1,9,8,17697,677,10535,-10,101,28,3,1
1,1,1,8,23,18227,-913,-2181,21,100,19,0,0
0,1,0,-12,-17,-18044,-387,-6425,-23,-37,-15,-1,0
1,0,0,8,25,9577,6107,16843,-9,-70,12,0,1
0,1,0,-6,-13,-6048,876,66,-14,-73,-13,-2,0
0,1,1,3,-10,-36263,-2903,9418,95,-5,-32,-1,0
0,0,0,-11,-14,-9469,7563,-14134,-41,-115,-21,-3,-1
0,1,1,-8,-40,-42457,4156,-8403,38,-102,48,1,-1
0,0,0,-10,-12,-11285,1113,-8569,-27,-114,-8,-1,0
0,0,0,4,23,-604,-1350,17905,-21,0,-8,-1,1
0,0,0,-12,-31,-2133,1084,-41450,55,-71,27,0,0
1,0,1,14,40,7350,3827,-4138,27,-32,4,1,1
0,0,0,-16,-22,-13508,-2296,-9369,-1,-98,2,-2,-1
0,1,0,-18,-9,-32971,1091,5074,-27,-90,4,-3,-1
1,1,1,20,19,16804,-1719,2662,20,55,20,4,1
0,0,0,-18,-24,6307,-2223,-431,25,18,-11,0,0
0,1,1,5,11,7675,-7490,6830,211,106,-31,-1,0
1,1,1,19,19,19384,-1162,13317,-6,144,26,2,0
1,1,1,15,15,20757,-1084,10152,28,-10,19,-3,1
0,0,0,-1,7,16510,-1129,-31520,-3,-29,-25,0,-2
0,1,0,-15,-28,-27865,-42,13386,-36,86,-8,-3,-1
0,1,0,-18,-27,-35212,1725,-17286,52,-10,-41,-1,-1
0,0,0,-17,-20,-14770,-269,-142,-91,-58,-25,-3,0
0,0,0,-12,-29,-1582,-1827,-4840,-35,-37,2,-4,-1
1,0,0,14,18,-21954,-1568,5608,-3,-19,-6,-2,1
0,0,0,-20,-27,-20132,-1565,-4037,-16,-58,-33,0,0
1,0,1,19,7,3374,5880,12643,-9,-173,41,2,-2
0,1,0,-9,-28,4236,-5745,10792,-18,76,3,2,-1
0,0,0,-17,-17,-7846,-2041,-8247,-20,-44,-13,-1,0
0,0,0,-9,-4,-8046,-1909,-13436,27,-73,-14,-3,-1
1,1,1,11,14,7890,-2978,-1,24,-20,20,2,1
0,0,0,-7,-15,-23793,-9511,38,114,31,-16,1,-2
0,0,1,-13,-37,-11742,179,-3167,-27,42,7,0,-1
0,1,0,-2,-16,-12980,662,9593,-2,-83,-8,0,-1
0,1,1,-12,-8,-26780,-3700,3350,-33,-4,-4,-1,0
0,1,0,-8,-11,-15584,1317,-2814,16,-3,-14,-3,-1
0,1,0,3,-8,-3993,-1073,-9217,-7,-58,-2,-2,-1
0,0,1,-8,-8,-3042,1695,-19719,33,-17,0,-2,0
0,1,0,-11,-21,-17828,-1690,3416,8,-49,-26,-2,-1
0,0,1,-12,-2,-34852,-2757,-5047,-49,-65,-33,-2,-1
1,1,0,25,44,8347,3432,18520,-39,-144,32,2,0
1,1,1,16,35,41718,11436,6009,-46,-11,-9,-2,-1
0,0,0,-17,-19,-11058,576,-2878,14,-103,-16,-1,0
0,1,1,-10,-30,-3782,476,-17259,33,28,-2,-3,2
0,1,0,-9,-11,3591,3924,-20304,-6,-3,-14,-1,-1
1,0,0,5,7,26170,-987,-3785,33,23,27,1,1
0,0,0,-13,-15,-6248,-466,-1184,-5,-47,8,-1,0
0,0,1,7,21,6905,-1788,-15600,-58,59,-29,-2,-1
0,1,0,3,-1,-27647,-6856,10889,41,201,-59,-4,-3
1,1,1,16,26,27858,1559,2516,27,102,13,2,1
0,1,0,-12,-20,-23033,-5457,-3074,-40,-120,-16,-1,-1
1,1,0,-13,-9,-3581,-40,3974,0,-18,6,0,2
0,0,0,-16,-37,-11601,-3502,1385,4,-6,-28,-3,-1
0,0,0,-8,-2,-16228,-10034,-22210,-9,53,-33,-5,-1
1,1,1,-2,-2,9238,-7053,8211,-47,-27,9,4,0
1,0,0,6,21,5885,-8211,19930,14,80,-9,3,1
1,1,1,11,0,5416,-605,19882,-27,75,16,2,0
1,1,0,15,43,24257,-3581,33617,-81,5,26,1,1
1,1,1,18,21,31816,9181,-14094,2,-46,3,4,1
0,0,0,-9,-17,-9386,6002,-44769,16,-89,-13,-3,-1
1,0,0,11,16,1077,-1226,35142,-47,115,9,-1,0
1,1,1,27,46,34795,3520,-1080,11,84,11,0,0
1,0,1,10,16,17298,-449,1874,26,-24,4,-2,1
0,0,0,-5,-11,-25206,67,3894,-35,-35,-12,-4,-1
1,1,0,7,15,10054,1483,14790,-18,158,-7,-3,-2
0,0,1,-6,-23,-25123,-1593,-16236,8,-39,-18,-3,1
1,1,1,19,4,3142,264,19026,-6,-79,43,4,2
1,1,1,14,39,20201,1319,-2649,31,45,5,2,0
1,0,1,-4,-14,-1306,-3901,-51,9,152,24,-4,0
1,0,1,4,4,14166,975,3422,-29,96,21,0,0
1,1,1,21,24,28933,2353,3208,-24,128,14,3,1
1,0,1,20,29,20271,2453,18166,-8,-133,24,1,1
1,0,1,16,13,13572,-48,18613,-45,15,17,2,1
0,0,1,-11,-22,-17994,-4259,-10877,-64,-21,-1,2,-1
1,1,1,2,20,38601,15334,23850,-33,85,-12,4,-1
1,1,0,16,37,24139,9187,19704,-19,-10,-8,3,1
0,0,0,-16,-17,-29397,-1689,-3386,-68,-75,-18,-3,-1
1,1,1,18,33,29242,907,1468,34,35,-5,2,0
1,0,0,7,-5,2686,-5658,21132,-26,-39,-2,3,1
0,0,0,-8,-9,-6774,-1774,15378,-38,117,-34,1,-1
0,1,0,-7,-4,4600,66,9311,-30,-14,-11,-2,-1
1,0,1,7,-5,-804,6287,21045,11,88,56,3,2
0,0,0,-18,-36,-36182,-4140,-1771,-22,-27,-40,-2,-1
1,0,1,12,1,3616,-792,5348,-37,12,-32,1,0
1,0,0,-7,6,12638,-5792,-3712,-65,98,-25,-1,2
0,0,0,-11,-15,-18350,-2018,4273,3,-5,-11,-3,0
0,1,1,-1,-19,-19153,2443,7824,19,-60,-5,-2,-1
1,1,1,11,32,33896,1325,11602,-17,21,3,4,-1
1,1,0,6,-24,-41987,738,-11847,7,-85,39,3,4
0,0,0,-21,-15,-27167,-8122,-6427,-18,-72,-24,-1,-1
1,1,1,17,42,21827,4226,4878,42,-53,37,1,1
1,1,1,9,2,15367,-195,-40,19,111,-8,0,0
1,1,1,11,18,334,815,4751,31,16,22,3,1
1,1,1,18,28,25381,1304,-2663,61,15,6,1,0
0,0,0,3,-3,-2804,-2464,4648,30,13,-33,1,2
0,1,1,-15,-23,-20472,-4796,3453,49,22,-12,-1,-1
0,0,0,-2,-6,45,-7923,678,25,-31,-15,-3,-1
1,1,1,18,28,19054,-387,11804,-1,58,28,2,0
0,0,0,-13,-14,-9557,-1020,-18222,-23,-77,-23,-3,-1
0,0,0,-6,-4,-8274,-1351,-1168,-45,-106,-13,-1,0
1,1,1,28,27,24213,-3452,18578,-24,38,31,3,1
1,0,1,1,12,-7559,12395,5952,36,-17,-10,-2,-1
0,0,0,-16,-12,-11375,-2535,1329,41,22,1,-3,-1
0,1,1,0,-23,-5966,-5883,-13362,-14,-195,40,-1,3
1,1,1,18,33,31230,2389,28059,33,70,28,2,1
0,1,1,-8,-16,-6555,-7491,-12547,8,-11,-21,-1,-1
0,1,0,-17,-26,-16903,2555,-9359,2,28,-7,-1,-2
1,0,1,23,47,4643,3841,29525,-10,-61,18,5,0
0,1,1,-11,-16,491,5424,-6332,-19,133,-3,-2,-1
1,1,1,13,10,2984,197,22155,-48,88,11,-1,1
0,0,0,-21,-22,-14933,1461,-12375,-20,-51,-14,-2,0
1,1,0,17,20,17162,5451,15108,-22,23,1,0,-1
0,0,0,-13,-6,-16948,1600,-3693,17,-139,-8,-1,0
0,0,0,-25,-4,-39734,1604,-2723,-147,-103,-13,-3,-1
1,0,0,-4,5,-7901,-184,16289,12,-20,-8,2,1
1,1,1,20,42,10849,3149,-7358,46,2,6,0,0
1,1,1,10,27,13835,-6635,7503,14,-34,16,1,0
1,1,1,21,28,21069,767,4595,35,-21,10,3,1
1,0,0,4,19,10388,2598,-295,-29,25,3,-2,1
0,1,0,-16,-10,-9878,-742,-22427,1,-36,-20,-3,-1
0,0,0,-13,-16,-18105,-1507,-4965,-11,-157,-6,-1,0
1,0,0,13,26,24755,1383,3899,39,54,27,2,-1
0,0,0,-10,-18,-7644,-2579,-7896,5,-31,-41,-2,-2
0,1,0,-14,-43,-16801,4561,-9223,0,23,-16,-2,-1
0,1,1,-2,9,-43074,6338,-39172,54,-152,-28,-3,-1
0,1,0,-5,-9,-10236,-2165,-2889,-23,93,-16,-1,-2
1,1,0,-11,-15,-12253,164,-8666,-27,-92,-15,-4,0
1,0,1,10,6,-414,-1646,-10481,23,-82,32,3,0
0,1,0,-5,-1,-1180,719,1933,11,-72,-10,-3,-1
0,0,0,-23,-41,-18373,555,-16979,-13,-91,-12,-2,0
1,1,1,25,16,17414,1872,11374,14,117,29,2,0
1,1,1,21,49,14828,3826,9183,14,38,31,2,0
0,0,0,-33,-40,-34129,-5011,-8809,51,-3,-45,-2,-1
0,0,1,-4,-13,2161,-1345,-5925,43,25,-14,-4,-2
0,1,1,-8,-17,-2281,-311,-8086,34,-28,-8,-2,0
0,1,1,-14,-49,-11904,-639,-7024,-34,14,-3,-4,-1
0,1,0,-14,-27,-4781,10233,-19487,48,-47,-1,1,-1
1,1,1,24,22,18642,4587,10792,18,-29,26,1,2
1,0,1,12,21,8802,2097,8668,6,63,33,2,0
1,0,1,12,24,13896,267,11829,28,36,18,3,0
1,0,1,18,43,37594,-5620,5394,30,-4,-5,-1,-1
0,1,1,11,0,3749,1749,16178,-23,-93,11,1,-1
1,1,1,7,0,21313,-612,3730,13,79,20,2,1
1,1,1,17,30,23947,-409,10851,-25,100,5,0,0
0,1,0,-17,-23,-11699,-408,-13770,-47,-72,-7,-1,0
1,1,1,9,10,10474,-1033,9337,9,94,18,2,0
1,1,1,11,17,12439,1843,3844,10,-21,4,2,0
0,1,0,-12,-8,-10040,-1827,-2243,-25,-28,-10,-2,0
1,0,0,8,16,36464,575,27963,-87,-62,21,2,2
1,0,0,6,12,16237,-89,-1705,-47,32,0,-2,2
1,0,1,23,35,23302,1616,5763,7,77,8,3,0
1,1,1,23,42,14676,315,5500,48,-23,12,3,1
0,0,0,-20,-21,-7078,5102,-17784,-16,-72,-31,0,-1
0,0,0,-12,-22,-6756,-2632,-16485,-23,-61,-36,-2,-1
0,0,0,-18,-13,-23394,-4721,131,-11,-135,-40,-2,0
0,0,0,-14,-34,-11742,2989,-21214,-18,-54,6,0,-1
0,0,0,-13,-40,-13466,1889,-2831,35,34,-7,-2,0
1,1,1,21,39,28141,832,3200,28,144,29,1,0
1,1,0,7,19,10170,-8370,-24141,18,92,-16,1,-1
0,1,1,4,-36,3299,7664,-14571,77,-100,38,0,0
1,1,1,17,25,13169,-950,2132,17,104,12,1,0
1,1,1,14,16,25698,-398,-5949,51,26,1,1,1
1,0,0,9,16,21843,4018,8974,52,27,24,2,1
0,0,0,-16,-50,-481,-3651,-810,31,42,0,0,0
1,1,1,5,3,-4857,-3753,8603,-20,60,-1,-4,-1
0,0,0,-18,-17,-24720,-3974,-7826,-17,-99,-11,-2,-1
0,1,1,-12,-41,-3229,2636,-23773,-31,-33,-20,2,-1
0,0,1,-9,-15,-2729,4767,-17703,-35,-56,-22,0,-1
0,0,0,-10,-14,-13020,441,-349,4,-78,-7,0,0
1,0,0,10,19,12275,-2675,18209,32,-19,45,4,1
1,1,1,11,22,24506,-2994,8089,-13,22,-3,-1,1
1,1,1,14,20,7680,658,5689,-22,133,4,2,0
0,1,1,-24,-38,-2217,-1601,-21029,62,1,-43,-3,-2
0,0,0,-6,-27,-30167,3210,27189,1,-22,2,2,-1
0,0,0,-21,-25,-19069,-953,-7785,11,-90,-20,-1,0
0,1,0,-3,-8,-19396,-1949,9695,21,-20,-41,-2,1
1,0,1,6,1,11709,414,-3020,-34,54,25,1,2
0,0,0,-17,-12,-26766,-1095,-6988,-9,-190,-29,-2,0
1,1,1,17,17,10070,-3197,4001,15,82,30,2,1
1,1,1,16,17,20220,717,6977,-37,19,14,3,1
1,1,0,11,14,14672,-2181,20950,-28,-91,25,1,2
1,1,1,16,26,19231,-632,8678,-22,119,11,0,0
0,0,0,-10,-20,-13381,-461,-439,-6,-65,-16,-1,0
0,1,0,-2,-9,-9055,-4233,-21257,35,170,-6,-1,-2
1,1,1,10,27,-4111,3270,22831,49,-17,-6,0,1
0,1,0,-4,-5,15892,1131,-15636,72,-126,-3,-2,1
0,1,1,-16,-14,-10027,-61,-17044,0,51,-25,1,0
0,1,0,-22,-30,-35371,286,-3570,-22,-11,-27,1,-1
1,1,0,4,35,22333,2690,2358,48,45,-12,-4,-1
1,1,1,12,18,34092,2874,1947,28,33,13,4,1
0,1,0,-7,3,-8270,-3102,20253,-168,25,-9,-4,-2
1,1,0,2,7,11124,5654,-7977,-27,116,15,2,2
1,1,1,4,11,-11508,4825,21993,-63,137,1,-1,1
1,1,1,20,21,31672,1391,11514,98,-17,20,4,1
1,1,1,14,25,17308,-4168,-277,-29,-18,18,1,2
1,1,1,11,10,12367,2738,2128,7,62,53,1,2
1,0,1,6,19,26545,-3235,-9813,81,81,28,1,1
0,1,1,-4,-4,-17092,-7609,13645,-43,-123,-4,0,-2
0,0,0,-17,-31,-15987,-3900,1304,10,-6,-10,0,-1
0,0,0,-14,-22,-22532,-1816,-5422,-1,-73,-29,-1,0
0,1,0,-17,-22,-38454,-6692,-15102,-51,71,-12,-4,-1
1,0,1,20,23,23626,1792,-1206,47,1,18,2,1
1,1,0,6,24,13778,1452,4627,39,-66,8,5,2
1,0,1,19,44,27905,4321,-1423,-6,5,16,-1,1
1,0,1,13,35,1329,734,15483,15,24,-1,-1,1
0,1,0,-9,-7,-3025,-668,-8802,-12,-17,13,-1,-1
1,1,1,14,12,19657,4243,-1618,10,91,21,-1,0
1,0,1,3,8,326,-8001,20474,-44,39,-18,1,0
1,1,1,21,20,19210,2959,15781,-20,56,36,2,1
0,0,1,-11,-20,-10308,-2084,6094,1,53,5,-2,-2
0,1,1,-10,-16,-10243,-7604,-8715,-14,-33,-14,-3,-1
1,1,0,15,45,42648,7867,-8189,37,-51,-1,0,1
1,1,1,5,-5,2874,-1441,-5983,49,65,0,-1,-1
0,0,1,-12,-36,1718,589,-17707,31,13,35,-2,-1
1,1,1,17,27,12019,2298,19069,6,-21,-1,2,2
0,1,0,-12,-20,6062,1672,-22685,-49,-49,-42,-4,-1
1,0,1,10,7,14590,-160,2741,10,-19,-4,3,-1
1,0,1,7,3,5672,2941,32223,-45,39,18,2,1
0,0,0,-7,-8,-30613,-2076,-3131,-39,17,-17,-5,0
1,1,1,13,19,3759,-905,19103,-2,12,22,1,1
1,1,0,15,12,14960,-26,9095,-19,46,15,0,1
1,0,1,-3,4,11327,2809,-39497,23,-118,-22,0,1
1,1,0,7,21,23497,767,-7211,-36,62,-6,-3,2
1,0,1,14,23,25490,2264,3572,20,104,7,3,1
0,0,0,-11,-17,-11582,-379,-5795,-26,-135,-21,-1,0
1,1,1,18,45,31148,5375,2140,10,15,8,1,1
0,1,1,-12,-31,-16603,5413,-35485,13,50,6,-3,-1
0,0,0,-11,-17,-8806,-7467,-20990,211,-70,-36,-3,-1
0,1,0,-8,-16,6960,3594,-25673,-46,24,-20,1,0
1,1,0,-7,4,-27021,924,19978,21,2,6,-1,1
0,0,0,-7,-14,-3907,292,-1034,3,-99,-5,-1,0
0,0,0,-7,-18,4037,13849,-5194,-1,-47,-4,1,-2
0,0,0,-11,-11,-7579,1930,-10836,-7,-2,-33,-2,-1
0,0,0,-13,-18,-11972,-15041,4119,-10,-35,-50,1,-1
0,1,0,-11,-29,-13874,-804,-14832,-36,72,-14,-2,-1
1,0,1,13,4,20682,-645,-6094,4,61,22,3,1
0,1,0,-2,14,-17287,2822,50,66,-3,-39,-4,-2
0,1,0,-16,-13,-8800,-2060,-12048,-6,6,-49,-3,-2
1,1,1,7,7,11579,3995,-1426,74,-102,24,3,2
1,1,0,11,20,5063,-467,12274,46,-72,26,0,1
0,0,0,-5,-8,-15286,785,-1008,-9,-40,-16,-2,0
1,1,0,-16,1,9718,-5593,-10320,-2,141,20,-4,0
0,1,1,-19,-41,-17048,-3832,-2699,-30,50,-8,-3,-1
0,0,0,-12,-13,-16281,-4575,2023,-19,-22,-11,-1,-1
1,1,1,18,28,27855,411,762,30,25,38,0,1
0,0,0,-9,-6,-5575,-862,-1154,-10,-60,-3,0,0
0,0,0,-32,-40,-38604,-6409,-18987,70,-78,-22,-1,0
0,1,0,-13,-22,583,-980,-18096,-15,-74,-12,-2,0
0,0,0,-4,-16,-11683,-473,-7165,-7,-57,-1,-1,-1
1,0,1,5,17,10852,-3125,2880,17,-65,-2,3,1
1,0,1,6,-1,-15524,462,27273,-41,26,41,3,2
1,0,1,17,35,43433,1925,15284,-19,-5,17,-1,1
0,1,0,-13,-13,-14824,-7606,-2610,-106,-73,-14,0,0
1,1,1,14,26,2424,4178,9460,11,70,14,1,0
1,1,1,12,11,14355,-202,1716,64,72,16,2,0
1,0,0,11,28,23125,1105,7077,44,12,15,0,1
1,1,1,9,11,3522,-572,13294,-3,63,16,1,0
0,1,0,-1,-9,7846,-1409,-22692,-21,11,10,1,-1
0,0,0,-16,-42,-37764,1711,-20665,-16,-66,-5,-1,-2
0,0,0,-27,-30,-15548,-3969,3765,-26,-20,-13,-3,-1
0,1,0,-19,-27,-19632,-574,-13280,-31,-95,-16,2,-1
0,1,0,-5,-8,-12791,-975,-4198,-1,-97,-11,-2,0
0,0,0,-13,-9,-16581,2257,-2064,-27,-120,-8,-2,0
1,1,1,6,4,12556,4120,-5150,33,-75,-8,1,1
1,1,1,13,26,18763,-955,5761,3,24,29,2,0
1,1,0,1,12,3451,-5281,-5430,-10,82,-5,2,0
0,1,0,-16,-5,-16213,-5058,-1441,-7,-66,-17,-2,0
0,1,0,-2,-8,-8918,94,-5554,-7,-137,-13,0,0
1,1,1,20,28,11066,1538,14501,-9,108,8,2,0
0,1,0,-21,-24,-15483,-328,-2055,-35,-33,-7,-2,0
1,1,0,10,10,2923,-274,7287,12,16,4,0,0
0,1,0,-8,-13,-13923,-5962,-7314,-23,-15,-12,1,-2
0,1,1,-15,-16,-4693,17,-18655,-27,-98,-7,1,-2
1,1,1,23,21,21307,64,6449,31,76,36,3,0
1,1,1,18,21,33612,149,3041,17,109,28,2,0
0,0,0,-22,-27,-10896,1949,-13146,26,-27,-26,0,-1
0,1,0,-27,-40,-11833,-1658,-6089,-29,37,-4,-3,-1
0,0,0,-15,-14,-22543,-50,9872,-8,-52,-24,-3,-1
1,0,1,3,25,6077,-448,-5997,-7,39,5,-3,0
1,1,1,15,29,17068,85,4446,-2,14,12,3,1
0,0,0,-14,-16,-17459,1208,-2887,5,-9,-24,0,0
0,0,0,-13,-15,-20899,-111,235,-37,-46,-43,-1,-1
1,1,0,18,46,15811,1330,15415,29,28,7,-1,1
0,1,0,-20,-23,-13845,-2179,-4301,-22,73,-11,-1,0
1,1,1,15,20,8900,-885,3111,-1,36,15,1,0
1,0,0,2,13,27230,-1113,7610,139,-17,21,1,-1
0,1,0,-11,-16,-18107,-417,-9431,0,-150,-15,-2,0
0,0,0,-23,-41,-14751,-3980,-13870,-53,17,-27,2,-1
0,1,1,-11,-7,-4685,202,-15341,-32,-51,-2,-2,0
0,0,0,-20,-27,-16657,-1380,-11593,-7,-64,-9,-3,-1
0,1,0,-1,-12,-15290,-1034,3856,15,78,-24,-2,-2
1,1,1,13,16,13513,2948,17355,-9,63,31,1,1
0,1,0,1,-5,-11562,-2432,-6680,-55,-7,5,4,2
0,0,0,-15,-15,-18555,-1213,-9458,-13,-143,-16,-1,0
1,1,0,3,9,24395,-7069,23287,-23,-52,-5,0,0
0,1,0,-15,-35,-17158,223,-5867,-33,-16,-28,-4,-1
0,1,0,-19,-36,-10904,-8756,-21369,-44,15,-35,-4,-1
0,1,0,-11,-15,-23735,3472,-23705,22,0,-16,-3,0
1,1,0,15,23,29872,942,2980,49,-87,-9,4,1
0,0,0,-8,-15,-12358,-537,16095,-19,64,-12,-2,0
0,1,0,-3,-9,-14784,-2835,-14368,65,-83,-13,-4,0
0,0,0,-6,-12,-4198,-2787,3571,-13,-38,3,-3,-2
1,0,1,19,30,31806,3860,6178,16,-17,12,1,0
0,1,0,-16,-4,16,2184,-3449,-9,-108,-3,0,-1
1,0,1,12,20,16938,2396,-8123,-10,14,22,0,0
1,1,1,17,18,10437,-1424,8004,-28,47,14,2,0
1,0,0,19,33,12288,7581,-2339,46,141,-40,3,2
0,0,0,-8,-12,-361,-1471,-11888,33,-101,-16,-1,-1
0,1,1,-8,-18,-2347,589,-6166,-43,-64,-4,3,1
0,0,0,-16,-11,-16501,-275,-3842,-24,-38,-13,-2,0
0,0,0,-7,11,26124,-537,-19226,10,-93,-25,-3,0
1,1,0,7,23,30711,857,4203,54,58,17,-1,1
0,1,1,-3,21,-12100,-551,-11194,8,-125,0,-2,0
0,0,0,-19,-14,-10767,-4543,-9975,-11,-96,-21,-3,-1
1,1,1,15,6,19372,565,11792,1,114,28,2,0
0,0,0,-19,-19,-25584,-2351,-8476,22,-30,-15,0,0
1,1,1,17,23,17618,1317,2608,37,88,27,2,0
1,1,1,17,23,17811,2385,14395,3,39,19,3,1
0,1,0,-11,-12,-13161,-2092,-21982,30,-33,-19,-2,2
1,0,0,9,11,12435,5258,2016,-1,15,8,0,1
1,0,1,11,10,10348,-6080,-3376,35,-16,11,3,1
0,0,0,-5,-25,-7331,-5347,-13127,28,-24,-12,-4,-1
0,0,0,-14,-11,-11250,547,-1205,-34,-125,-6,-1,0
0,0,1,-15,-33,-34845,1001,-867,4,-65,-21,1,-1
0,0,0,-15,-17,-14232,-1751,-7555,11,-72,-22,-2,0
0,0,0,-21,-21,-16619,-7216,-39557,84,-58,-20,-3,-1
1,1,1,7,12,939,1784,11582,-27,59,20,3,1
1,0,0,17,40,42134,575,10343,-7,-1,0,1,1
0,0,0,-8,-16,-7713,-5565,-6605,-40,36,-21,-3,-1
0,0,0,-8,-4,-666,2091,3419,-6,-86,11,-1,-1
0,1,0,-1,-2,-25302,-1129,8582,39,-71,-4,-1,-1
0,1,0,-11,-24,-4974,-127,-20140,8,45,-31,-3,-1
0,1,0,-21,-45,-8014,-2897,-24036,-9,-33,-16,-1,-1
1,1,1,15,27,19260,-2050,4322,-13,104,13,1,0
0,1,1,-4,-31,-13468,1939,-6679,-13,-44,4,-1,-1
0,1,0,-11,-31,1999,7262,-4909,16,-3,-6,-2,-1
0,1,0,-12,-17,-10360,3246,-22103,-92,31,-45,-1,-1
1,1,0,4,24,21318,1975,10020,-20,-44,5,-1,-1
0,0,0,-11,-8,9974,385,-13860,0,24,-11,-3,-1
0,0,0,-8,4,2113,-2011,19674,-78,-23,-14,-5,0
0,1,0,-3,-24,-3172,3705,-14189,56,12,11,-3,-1
1,1,1,13,17,18549,825,814,92,-1,29,-2,1
0,0,0,-12,-10,-11799,-867,-6134,10,-143,-25,-2,0
1,1,1,16,37,32482,3579,10696,-40,-50,26,1,1
1,1,1,22,36,33460,4335,2068,-14,-2,21,2,1
1,1,1,8,21,3765,1826,16502,-4,-15,5,2,1
1,1,1,5,-6,7664,1188,-3653,-7,28,16,0,1
1,1,1,8,19,5659,3429,15065,-1,-34,15,4,1
1,0,1,15,25,5284,-428,24122,-2,99,13,3,1
1,0,1,14,14,27630,1011,3587,50,-11,-6,2,1
1,0,1,26,26,15337,1710,9038,16,70,12,2,0
1,0,1,3,8,10984,-284,5857,19,-77,25,2,1
0,1,0,-8,-2,-1952,4897,-7296,71,9,8,1,-3
0,1,0,-11,-26,-19262,489,-9850,1,-19,-12,-5,-2
1,1,1,7,-10,7384,-3786,21307,-30,79,47,3,1
1,1,1,8,21,5224,-8277,-1081,58,-50,-25,2,2
0,1,0,-17,-21,-1829,356,-11406,-55,-73,-17,-1,-1
0,0,0,-14,-15,-23233,558,-1605,-45,-99,-13,-2,-1
0,1,0,-20,-42,-17213,-2260,-8693,-24,-50,-11,-1,0
1,1,1,18,38,13380,2055,3776,30,91,16,0,0
1,1,1,16,24,23534,-594,5083,5,-5,7,3,1
1,0,1,11,3,22145,-2417,-11469,-11,-50,46,3,0
0,0,0,-21,-42,-27058,2545,-1088,-15,-9,-31,-1,-1
0,0,0,-17,-41,-22132,-2364,1302,-64,12,-29,-3,-1
1,1,1,6,33,14353,-755,-31688,33,-29,-14,-2,1
1,1,1,18,47,21164,-621,-8864,114,-2,-9,1,1
1,1,1,23,20,13758,-1761,6458,-7,103,28,3,0
1,1,1,13,8,11802,-761,6561,17,45,5,1,0
0,1,1,-11,-35,756,-1316,-9796,-74,161,4,-1,0
0,0,1,-15,-20,-15369,1524,-14202,-23,-1,-9,-1,0
0,0,0,-21,-33,-11343,-510,8327,-16,55,-59,-5,0
0,1,0,-15,-19,-26211,-1879,-2919,-15,-16,-4,-2,0
0,0,1,-11,-43,-28103,-6187,7242,-10,-39,0,3,-1
1,1,1,23,30,31837,2422,-998,-4,-8,27,2,0
1,1,1,22,28,4030,-8213,45004,46,39,28,3,0
0,1,0,-6,4,-1505,2160,-7382,42,-7,-1,-3,1
0,1,0,-10,-29,3495,-7187,-7902,-27,59,-12,-3,-1
1,1,0,24,52,25490,-252,5234,-22,-56,19,0,1
1,0,0,18,32,25391,3137,13801,-1,78,20,0,0
1,1,1,18,5,6684,-6874,34952,27,82,31,1,0
1,1,1,11,21,40106,4307,-10181,-26,-36,23,3,0
0,0,0,-19,-24,-35157,640,4363,72,21,-40,-1,-1
1,0,1,11,9,5995,-190,20475,-42,79,21,2,0
0,0,1,-10,-6,-30015,457,-21808,9,24,-49,-3,-2
0,1,0,-15,-17,-13207,488,-20275,30,-55,-25,-3,-1
0,0,0,-16,-22,11583,1963,-20586,-12,-19,-23,-3,-1
0,0,1,-12,-13,-5944,-3990,-9096,-5,-59,-32,0,-1
0,0,0,-11,-12,-17004,-8868,7400,-4,-31,-4,-4,-1
1,1,1,12,13,3245,1134,-396,1,11,4,2,0
0,0,0,-10,-9,-8621,-1436,-20998,19,-78,-35,1,-1
1,0,0,-2,16,32053,-1689,11404,-58,-46,-24,2,1
0,0,0,-13,-15,-7364,-1912,-1061,23,-37,-9,-2,0
0,0,1,-15,-26,-13211,-1848,-12509,-19,-15,-32,-1,-2
1,0,0,1,8,-2158,-6822,6645,-25,68,8,2,-1
1,1,1,18,26,18182,3393,5952,-16,-13,12,2,0
0,0,0,-14,-38,-33710,134,-5294,-33,44,-4,-2,-1
0,1,1,-15,-13,3744,-10843,-24070,-58,-103,10,-3,-1
1,1,1,12,19,26021,2340,2250,71,10,22,-1,1
0,0,0,-14,-12,-16861,671,-2132,6,-52,-16,0,0
0,1,0,-2,-19,-10607,1515,-6491,-65,73,22,-2,-1
0,1,1,-15,-13,-8652,-2980,-10100,-52,-37,-22,-1,0
0,0,0,-5,-20,-1534,-1835,-16898,-9,23,8,-4,-1
0,1,0,-10,-11,3270,4224,8223,-14,-52,7,1,-1
0,1,1,-13,-27,2321,-2067,-19403,-31,-3,-12,-1,-1
1,1,1,11,12,7134,1854,3916,15,115,9,1,0
0,0,0,-9,-13,-11208,-379,-2207,-44,-59,-7,-2,0
0,0,0,-14,-23,736,2277,1822,33,-104,8,-3,-1
0,1,1,0,6,6104,4986,3375,3,-57,-8,-2,-1
0,0,0,-21,-25,-12757,221,-3447,-10,-93,-1,-2,0
0,1,0,-6,-37,-30388,-8609,-17958,15,-1,-5,-2,-1
0,0,0,-6,-22,-26296,442,7496,-35,-31,-14,3,0
0,1,0,-12,-22,-6719,-130,3702,-21,-24,-10,-1,-1
0,0,0,-24,-28,-9832,-1936,-10485,54,6,-44,-4,0
1,0,1,10,23,5404,-5220,20074,-42,5,14,-1,1
1,0,0,5,46,27371,-388,-2016,1,10,6,-3,0
0,1,1,4,-4,10587,6225,-13087,51,-224,18,0,0
0,1,0,-6,-6,-19584,-888,-863,1,-95,-14,-3,-1
0,0,0,-8,-18,-15568,-119,4482,-2,-91,-1,-3,0
0,1,1,-14,-40,4332,5723,-4796,-26,11,16,2,-1
0,0,0,-9,-12,-9255,415,-6194,9,-33,-8,2,0
0,0,0,-19,-45,-20326,-971,-12069,11,-34,-12,-3,-1
1,1,1,22,15,30543,1380,-4543,7,104,8,3,0
1,0,1,9,15,5848,-1406,-3635,-21,-28,-4,3,1
1,0,1,19,33,29811,-1805,3650,-23,40,9,1,0
1,0,0,11,34,12384,3058,8718,-33,57,-11,3,1
1,0,1,15,17,25108,-309,-4844,15,50,4,2,0
1,1,1,10,20,8961,-2500,-278,11,45,4,2,0
0,0,0,-14,-18,-15396,-4598,-7566,2,-32,-17,-2,0
0,0,0,-14,-26,-8440,-154,-7988,-4,-38,-10,-1,0
1,0,1,6,10,11255,-1038,1173,-23,111,-2,0,1
0,0,1,-19,-25,-15992,-2082,-8592,62,-135,-8,1,0
0,0,0,-18,-19,-10921,-253,-2672,14,-112,-30,0,0
0,1,0,-14,-10,-15642,-906,-5789,14,-125,-36,-2,0
0,0,0,-16,-30,-22577,-1951,3485,6,27,-16,-3,-1
0,0,1,-11,-32,-25939,-6152,-19080,-1,-20,-5,-2,-1
0,0,0,-5,-24,5481,2986,-26620,94,-26,13,-1,-1
1,0,0,1,0,6852,-4637,3624,-27,40,-6,0,1
0,1,0,-12,-19,-19372,-40,-7066,-64,-54,-18,-2,0
0,0,0,-5,-1,-21931,-3672,7708,19,-35,-30,1,-1
1,1,1,18,18,-12418,4918,22469,43,50,-11,2,1
0,0,1,-5,9,-8843,-10692,-43449,-14,-95,-9,-3,-2
0,0,0,-1,-21,9207,5536,-795,40,99,23,1,0
0,1,1,-12,-40,-15962,-2190,-30484,28,-52,-26,-1,-1
1,1,1,11,19,22059,2012,-1357,10,122,9,0,0
1,1,1,14,22,12762,948,5083,22,90,8,1,0
1,1,1,20,30,12615,2873,6424,52,80,32,0,1
0,0,0,-11,-17,-32406,-683,503,28,-48,-16,-1,-2
1,0,0,9,33,6071,-635,17973,-4,-22,-11,1,1
0,1,0,-6,0,-18157,-7826,2234,-17,6,-34,-1,-2
1,0,1,-1,2,-5315,-1434,-12102,1,-20,-6,-3,0
0,0,0,-5,-10,-4994,-8469,-9689,-20,-126,-52,-4,-1
1,0,0,7,3,22153,2090,8302,72,5,22,-2,1
0,1,0,1,5,2113,-201,8409,-10,11,-49,-1,0
0,0,0,-12,-23,-25441,771,-2240,-16,33,-5,-3,-1
0,1,0,-8,-14,-17933,-4272,2090,40,-72,-18,-4,-1
1,1,0,0,21,-239,1167,6295,1,60,-23,0,1
1,1,0,23,48,30985,1474,-3639,36,21,18,3,1
0,0,1,8,9,-5720,-3718,11458,9,28,25,2,-1
1,0,1,14,32,14234,1390,8397,-47,40,18,3,0
0,0,0,-22,-44,-12067,2392,-10599,51,-39,-23,-2,0
0,0,0,-17,-22,-18266,-294,-3384,-13,-117,-6,-2,0
1,1,0,15,44,16419,-1640,3599,36,45,12,1,0
0,0,1,-15,-30,-18831,-462,-2535,-11,-36,-4,-2,0
0,0,1,-13,-34,-15836,-1697,-6071,-21,-22,-13,-2,-1
1,0,0,4,-16,380,-2107,10934,-50,214,7,3,-1
0,1,0,-9,-13,-21333,1028,699,-21,-151,-29,-1,-1
0,0,0,-18,-14,-12072,-1541,-1163,-18,-132,-15,-2,0
0,0,0,-10,-6,-892,-475,-29916,-15,130,-23,0,-2
1,1,0,12,26,5855,1238,26335,30,-109,-6,-2,2
0,1,1,1,-4,504,-1312,-33618,12,-17,-8,-1,-1
1,0,0,7,9,-4260,77,4883,27,-96,28,4,1
1,0,1,18,25,19410,4933,-8117,25,94,12,2,1
0,1,0,-13,-7,-8773,3346,-5109,-25,-85,-7,0,0
0,0,1,-23,-32,-19098,423,-486,38,-39,-24,-1,1
1,0,0,19,23,17982,3577,8667,15,28,7,1,1
0,1,1,-24,-17,1327,-1495,-12720,12,95,-26,-2,-1
1,0,0,13,34,21857,3200,13503,44,-168,3,2,0
0,1,0,-13,-5,-21402,-6965,-19465,-16,-111,-34,-2,-1
1,0,1,5,5,10340,1330,10003,-47,2,15,0,1
0,1,1,-6,-17,-17748,-7236,96,10,-7,-17,-1,-1
1,0,1,8,0,16190,1465,6873,-7,86,20,2,1
0,0,0,-25,-45,-16964,-1509,2563,-78,51,-21,0,-1
1,0,1,0,14,38693,1095,-1971,-41,19,17,2,0
1,0,1,10,11,7240,254,-4114,-15,62,3,0,0
1,1,1,5,-1,21483,4381,11610,30,59,82,3,0
0,0,0,-11,-10,-19273,2106,5894,-9,-68,-11,0,0
0,0,1,-12,-34,-34707,-2148,13576,-27,56,-27,7,-1
0,0,0,-15,-11,-9244,-1397,-20306,-42,-33,-13,-3,-1
1,1,1,15,4,17289,3266,9984,68,-39,10,3,2
0,1,0,3,-5,2962,2192,2415,-29,73,16,-1,0
1,0,0,14,25,4646,565,33196,21,-33,7,-1,0
0,1,0,1,9,-5930,1328,649,-7,-14,-10,-3,0
0,0,0,-26,-40,-49808,-1851,8913,-59,-21,-22,0,0
0,0,0,-26,-43,-27368,-1319,-5104,-23,-78,-20,-2,-1
0,0,0,-13,-22,-14147,-1873,-16095,-3,-26,-16,-3,-1
1,0,1,19,28,21051,863,4015,68,-41,10,-3,1
0,0,1,-15,-35,-18901,-1494,-15434,-18,-47,-6,1,0
0,1,1,-13,-25,3554,-1933,-4569,-51,124,7,2,-2
0,0,0,-12,-20,-14704,-71,-11781,34,27,-23,-1,0
1,1,1,7,-5,-4314,1286,18872,-6,75,7,-2,1
0,1,0,-5,-19,-26831,-2577,19160,-43,29,8,-1,0
0,0,1,3,-7,11299,-3462,-28990,0,-50,10,2,0
0,0,0,-10,-6,-42761,6645,1254,-24,-83,-8,-3,-2
0,0,0,-15,-29,-24453,-2032,-15609,-21,-25,-25,-2,-1
0,1,0,-17,-25,-16779,-1897,-24408,31,-39,-31,-3,-1
1,0,0,16,22,13847,-510,6279,-19,1,21,1,1
1,1,1,19,27,19411,6148,12480,-7,-44,23,3,1
0,0,0,-22,-26,-20275,-743,-6991,-78,-102,-32,-2,0
1,1,1,23,14,28174,6220,-8975,-27,-86,10,1,1
0,1,0,-13,-31,-4645,1723,-18211,-87,89,-9,1,-1
0,0,0,-13,-18,-7700,-125,-4566,-16,-39,-17,-1,0
1,0,1,12,18,19144,-2494,2803,19,116,23,2,0
0,1,0,-15,-30,-12227,-500,-4532,6,-52,-10,0,0
1,0,1,13,26,24538,-1362,18025,38,18,6,-2,1
0,0,0,-13,-15,-16841,-168,-2651,14,-91,-22,-2,0
0,0,0,-21,-28,-16865,471,-4899,41,-59,-14,-1,-1
1,0,1,26,32,20822,447,10425,50,89,27,0,0
1,0,1,13,23,14132,4792,10172,11,48,23,1,0
1,1,1,9,9,1570,445,-1509,23,56,4,1,0
0,1,1,-8,-17,-9276,-671,-2467,16,-19,9,-2,0
1,0,0,9,24,15557,-4968,-5710,-23,-14,20,4,0
0,1,1,-15,-16,-6095,-4126,-2602,7,-61,-1,-1,0
0,0,1,-3,7,3676,-674,-11719,-8,44,-29,-4,-2
1,1,1,15,7,18490,1060,1636,6,80,50,3,2
1,0,1,0,8,10758,1302,9316,-9,56,-3,3,1
1,0,1,6,14,17804,-3404,-7296,23,-38,0,3,1
1,0,1,14,-8,26861,1281,4374,21,98,27,0,1
0,0,0,-13,-10,-9617,1790,-19599,55,5,-12,-2,0
1,1,0,17,13,8069,2417,19029,7,-37,20,2,1
0,0,1,-9,-10,-10070,2239,-1998,-13,44,-14,-3,0
1,0,1,-1,10,22303,2878,-9278,-59,-63,20,3,1
1,1,1,16,12,26998,1677,-4538,-32,15,15,3,1
0,0,0,-8,-13,1011,4133,-6382,-29,-36,-19,-1,-1
0,1,1,-2,11,6143,-4819,-19064,0,-61,-13,2,-2
1,1,1,18,17,19144,-2545,2006,-31,52,55,3,0
0,1,1,12,11,-8977,-347,5201,-67,-154,26,4,-2
0,1,0,-14,-30,-44329,-1970,10349,53,-91,-17,-1,-1
0,1,1,-8,-16,-14701,107,1649,1,-12,-40,-2,-1
0,1,1,-12,-39,-3681,-7197,5270,-11,-73,9,2,-2
1,1,1,11,7,26072,-3439,5415,-7,136,25,2,-1
0,0,0,-21,-29,-21101,425,-4145,-13,-31,-3,-3,-1
1,0,1,0,8,18374,7849,9340,39,73,-3,1,1
0,1,0,-8,-25,20181,3807,-39573,35,-12,4,-5,0
0,1,0,-19,-15,-14645,-897,-1383,-16,-171,-34,-2,0
0,0,0,-9,-12,-8625,-559,-12767,-7,-76,-20,-2,0
1,1,1,15,10,13033,1639,8438,27,106,23,1,0
0,0,0,-4,6,-12961,-3637,3348,-7,-39,-21,-4,0
0,1,1,-1,-3,-21348,3742,-5927,30,-132,0,3,-1
0,0,1,-7,-24,-5271,931,520,-52,26,6,-2,-2
1,1,0,11,3,21768,363,-933,-16,35,56,2,1
0,1,0,-14,5,-25721,-1782,-1421,-60,-59,-49,-2,-2
1,1,1,10,7,22143,358,-8211,14,10,19,2,1
1,1,1,15,36,8013,-4433,-6185,60,-89,14,4,2
1,1,1,20,47,6440,-6863,13592,-2,-62,-1,1,1
1,1,1,8,15,2552,-1730,9256,40,2,10,1,0
1,1,1,21,15,20581,-1201,16121,-32,23,14,2,1
1,0,1,-14,-16,-4554,7872,1673,-322,-116,57,6,1
0,0,0,-17,-16,-17977,-3958,-9218,-15,-28,-25,-3,-1
0,1,1,-6,-28,-135,-4015,5183,-34,7,-19,-5,-2
1,1,0,17,13,2310,-850,13300,-25,-40,-14,2,1
1,1,0,23,25,33057,10023,14346,-8,-45,11,2,-1
0,0,1,-17,-31,-5761,-41,-14197,0,1,-22,0,0
0,1,1,-3,7,33994,24292,1922,1,25,-18,-2,0
0,0,0,-12,-28,-37367,-2366,-19918,-16,18,1,-2,-1
1,0,1,15,40,7851,3242,23910,-48,98,-13,0,1
1,1,1,13,21,22675,-2511,11296,-9,-21,40,2,1
1,1,1,20,22,30452,196,4450,31,35,24,3,0
1,0,1,0,3,2006,-3222,17220,-76,34,-14,-1,0
1,0,1,18,31,10369,-2776,29765,-31,127,5,1,0
0,0,0,-17,-35,-5611,-1080,-15233,-8,-29,-14,2,-1
0,0,0,-11,-29,-13206,571,-6046,38,29,-9,-1,-1
0,1,1,-10,-17,-18893,-937,-5339,21,-36,-7,-1,-1
1,1,0,5,-7,12012,3635,-6299,9,26,11,4,1
0,1,0,-13,-32,-17772,3675,-3132,-104,93,-19,0,1
1,0,1,24,36,31758,159,4202,23,47,45,2,1
0,1,0,-11,-10,1574,3233,582,-21,8,-50,-4,-1
1,1,0,12,21,17020,808,-9858,92,-115,27,1,1
0,0,0,-16,-35,4791,-1045,-13946,-14,-46,17,2,-2
1,0,1,9,8,54780,12658,-8048,68,28,-3,3,1
0,1,1,-25,-60,-21605,1688,-24236,-43,33,-15,-3,-1
1,1,0,13,35,12752,-1203,6924,-2,10,21,-1,2
1,0,1,-3,-18,566,-401,-4183,27,55,-4,1,2
1,0,1,13,10,-1370,-5018,20306,37,6,42,-1,1
0,1,1,-12,-20,-10027,-589,-13270,23,-41,-10,-1,-1
1,1,1,20,17,19400,1310,6604,7,103,12,1,0
0,0,0,-27,-46,-26596,-7141,-4608,-29,-48,-19,-2,0
0,1,0,-17,-28,-17412,-3063,-4854,-55,-93,-12,-1,-1
0,0,1,-10,-28,7476,-373,-28170,-38,-11,-18,-1,-1
0,0,0,-16,-11,-14772,-4794,-11709,34,44,-32,-3,-1
0,0,0,-18,-12,-20244,-232,-7083,-31,-22,-37,0,-1
,,,,,,,,,,,,
,,,,,,,,,,,,
,,,,,,,,,,,,
,,,,,,,,,,,,
,,,,,,,,,,,,
,,,,,,,,,,,,
,,,,,,,,,,,,
,,,,,,,,,,,,
,,,,,,,,,,,,
,,,,,,,,,,,,
,,,,,,,,,,,,
,,,,,,,,,,,,
,,,,,,,,,,,,
,,,,,,,,,,,,
,,,,,,,,,,,,
,,,,,,,,,,,,
,,,,,,,,,,,,
,,,,,,,,,,,,
,,,,,,,,,,,,
,,,,,,,,,,,,
,,,,,,,,,,,,
,,,,,,,,,,,,
,,,,,,,,,,,,
,,,,,,,,,,,,
,,,,,,,,,,,,
,,,,,,,,,,,,
,,,,,,,,,,,,
,,,,,,,,,,,,
,,,,,,,,,,,,
,,,,,,,,,,,,
,,,,,,,,,,,,
,,,,,,,,,,,,
,,,,,,,,,,,,
,,,,,,,,,,,,
,,,,,,,,,,,,
,,,,,,,,,,,,
,,,,,,,,,,,,
,,,,,,,,,,,,
,,,,,,,,,,,,
,,,,,,,,,,,,
,,,,,,,,,,,,
,,,,,,,,,,,,
,,,,,,,,,,,,
,,,,,,,,,,,,
,,,,,,,,,,,,
,,,,,,,,,,,,
,,,,,,,,,,,,
,,,,,,,,,,,,
,,,,,,,,,,,,
,,,,,,,,,,,,
,,,,,,,,,,,,
,,,,,,,,,,,,
,,,,,,,,,,,,
,,,,,,,,,,,,
,,,,,,,,,,,,
,,,,,,,,,,,,
,,,,,,,,,,,,
,,,,,,,,,,,,
,,,,,,,,,,,,
,,,,,,,,,,,,
,,,,,,,,,,,,
,,,,,,,,,,,,
,,,,,,,,,,,,
,,,,,,,,,,,,
,,,,,,,,,,,,
,,,,,,,,,,,,
,,,,,,,,,,,,
,,,,,,,,,,,,
,,,,,,,,,,,,
,,,,,,,,,,,,
,,,,,,,,,,,,
,,,,,,,,,,,,
,,,,,,,,,,,,
,,,,,,,,,,,,
,,,,,,,,,,,,
,,,,,,,,,,,,
,,,,,,,,,,,,
,,,,,,,,,,,,
,,,,,,,,,,,,
,,,,,,,,,,,,
,,,,,,,,,,,,
,,,,,,,,,,,,
,,,,,,,,,,,,
,,,,,,,,,,,,
,,,,,,,,,,,,
,,,,,,,,,,,,
,,,,,,,,,,,,
,,,,,,,,,,,,
,,,,,,,,,,,,
,,,,,,,,,,,,
,,,,,,,,,,,,
,,,,,,,,,,,,
,,,,,,,,,,,,
,,,,,,,,,,,,
,,,,,,,,,,,,
,,,,,,,,,,,,
,,,,,,,,,,,,
,,,,,,,,,,,,
,,,,,,,,,,,,
,,,,,,,,,,,,
,,,,,,,,,,,,
,,,,,,,,,,,,
,,,,,,,,,,,,
,,,,,,,,,,,,
,,,,,,,,,,,,
,,,,,,,,,,,,
,,,,,,,,,,,,
,,,,,,,,,,,,
,,,,,,,,,,,,
,,,,,,,,,,,,
,,,,,,,,,,,,
,,,,,,,,,,,,
,,,,,,,,,,,,
,,,,,,,,,,,,
,,,,,,,,,,,,
,,,,,,,,,,,,
,,,,,,,,,,,,
,,,,,,,,,,,,
,,,,,,,,,,,,
,,,,,,,,,,,,
,,,,,,,,,,,,
,,,,,,,,,,,,
,,,,,,,,,,,,
,,,,,,,,,,,,
,,,,,,,,,,,,
,,,,,,,,,,,,
,,,,,,,,,,,,
,,,,,,,,,,,,
,,,,,,,,,,,,
,,,,,,,,,,,,
,,,,,,,,,,,,
,,,,,,,,,,,,
,,,,,,,,,,,,
,,,,,,,,,,,,
,,,,,,,,,,,,
,,,,,,,,,,,,
,,,,,,,,,,,,
,,,,,,,,,,,,
,,,,,,,,,,,,
,,,,,,,,,,,,
,,,,,,,,,,,,
,,,,,,,,,,,,
,,,,,,,,,,,,
,,,,,,,,,,,,
,,,,,,,,,,,,
,,,,,,,,,,,,
,,,,,,,,,,,,
,,,,,,,,,,,,
,,,,,,,,,,,,
,,,,,,,,,,,,
,,,,,,,,,,,,
,,,,,,,,,,,,
,,,,,,,,,,,,
,,,,,,,,,,,,
,,,,,,,,,,,,
,,,,,,,,,,,,
,,,,,,,,,,,,
,,,,,,,,,,,,
,,,,,,,,,,,,
,,,,,,,,,,,,
,,,,,,,,,,,,
,,,,,,,,,,,,
,,,,,,,,,,,,
,,,,,,,,,,,,
,,,,,,,,,,,,
,,,,,,,,,,,,
,,,,,,,,,,,,
,,,,,,,,,,,,
,,,,,,,,,,,,
,,,,,,,,,,,,
,,,,,,,,,,,,
,,,,,,,,,,,,
,,,,,,,,,,,,
,,,,,,,,,,,,
,,,,,,,,,,,,
,,,,,,,,,,,,
,,,,,,,,,,,,
,,,,,,,,,,,,
,,,,,,,,,,,,
,,,,,,,,,,,,
,,,,,,,,,,,,
,,,,,,,,,,,,
,,,,,,,,,,,,
,,,,,,,,,,,,
,,,,,,,,,,,,
,,,,,,,,,,,,
,,,,,,,,,,,,
,,,,,,,,,,,,
,,,,,,,,,,,,
,,,,,,,,,,,,
,,,,,,,,,,,,
,,,,,,,,,,,,
,,,,,,,,,,,,
,,,,,,,,,,,,
,,,,,,,,,,,,
,,,,,,,,,,,,
,,,,,,,,,,,,
,,,,,,,,,,,,
,,,,,,,,,,,,
,,,,,,,,,,,,
,,,,,,,,,,,,
,,,,,,,,,,,,
,,,,,,,,,,,,
,,,,,,,,,,,,
,,,,,,,,,,,,
,,,,,,,,,,,,
,,,,,,,,,,,,
,,,,,,,,,,,,
,,,,,,,,,,,,
,,,,,,,,,,,,
,,,,,,,,,,,,
,,,,,,,,,,,,
,,,,,,,,,,,,
,,,,,,,,,,,,
,,,,,,,,,,,,
,,,,,,,,,,,,
,,,,,,,,,,,,
,,,,,,,,,,,,
,,,,,,,,,,,,
,,,,,,,,,,,,
,,,,,,,,,,,,
,,,,,,,,,,,,
,,,,,,,,,,,,
,,,,,,,,,,,,
,,,,,,,,,,,,
,,,,,,,,,,,,
,,,,,,,,,,,,
,,,,,,,,,,,,
,,,,,,,,,,,,
,,,,,,,,,,,,
,,,,,,,,,,,,
,,,,,,,,,,,,
,,,,,,,,,,,,
,,,,,,,,,,,,
,,,,,,,,,,,,
,,,,,,,,,,,,
,,,,,,,,,,,,
,,,,,,,,,,,,
,,,,,,,,,,,,
,,,,,,,,,,,,
,,,,,,,,,,,,
,,,,,,,,,,,,
,,,,,,,,,,,,
,,,,,,,,,,,,
,,,,,,,,,,,,
,,,,,,,,,,,,
,,,,,,,,,,,,
,,,,,,,,,,,,
,,,,,,,,,,,,
,,,,,,,,,,,,
,,,,,,,,,,,,
,,,,,,,,,,,,
,,,,,,,,,,,,
,,,,,,,,,,,,
,,,,,,,,,,,,
,,,,,,,,,,,,
,,,,,,,,,,,,
,,,,,,,,,,,,
,,,,,,,,,,,,
,,,,,,,,,,,,
,,,,,,,,,,,,
,,,,,,,,,,,,
,,,,,,,,,,,,
,,,,,,,,,,,,
,,,,,,,,,,,,
,,,,,,,,,,,,
,,,,,,,,,,,,
,,,,,,,,,,,,
,,,,,,,,,,,,
,,,,,,,,,,,,
,,,,,,,,,,,,
,,,,,,,,,,,,
,,,,,,,,,,,,
,,,,,,,,,,,,
,,,,,,,,,,,,
,,,,,,,,,,,,
,,,,,,,,,,,,
,,,,,,,,,,,,
,,,,,,,,,,,,
,,,,,,,,,,,,
,,,,,,,,,,,,
,,,,,,,,,,,,
,,,,,,,,,,,,
,,,,,,,,,,,,
,,,,,,,,,,,,
,,,,,,,,,,,,
,,,,,,,,,,,,
,,,,,,,,,,,,
,,,,,,,,,,,,
,,,,,,,,,,,,
,,,,,,,,,,,,
,,,,,,,,,,,,
,,,,,,,,,,,,
,,,,,,,,,,,,
,,,,,,,,,,,,
,,,,,,,,,,,,
,,,,,,,,,,,,
,,,,,,,,,,,,
,,,,,,,,,,,,
,,,,,,,,,,,,
,,,,,,,,,,,,
,,,,,,,,,,,,
,,,,,,,,,,,,
,,,,,,,,,,,,
,,,,,,,,,,,,
0,0,1,-10,-19,-2037,3520,-21261,-4,-60,-44,,
